Date,SPX
2020-01-02,0.944028560795418
2020-01-03,-0.7632002841007068
2020-01-06,0.38839551925083926
2020-01-07,-0.2774753372080885
2020-01-08,0.5209444259937746
2020-01-09,0.6765939286780709
2020-01-10,-0.2825597259156598
2020-01-13,0.6938612048794313
2020-01-14,-0.1536273180646086
2020-01-15,0.22545499359948318
2020-01-16,0.8315014774812779
2020-01-17,0.3211187604211019
2020-01-21,-0.20586561291031646
2020-01-22,0.01654993247203196
2020-01-23,0.11893973371975841
2020-01-24,-0.8992560339456335
2020-01-27,-1.6130264503184444
2020-01-28,1.0564804452530385
2020-01-29,-0.07632744497931276
2020-01-30,0.31314763513546895
2020-01-31,-1.796722836042064
2020-02-03,0.7303108796365199
2020-02-04,1.5376341651434866
2020-02-05,1.1339592888146455
2020-02-06,0.3596961976405799
2020-02-07,-0.537656132927472
2020-02-10,0.7432820747931501
2020-02-11,0.1788848806696164
2020-02-12,0.6427420863163169
2020-02-13,-0.11531292008032934
2020-02-14,0.15247421156623364
2020-02-18,-0.24829717848784405
2020-02-19,0.47853167636465743
2020-02-20,-0.40989031387013153
2020-02-21,-1.0289857202644415
2020-02-24,-3.3268510469434966
2020-02-25,-3.0143573820057776
2020-02-26,-0.37651866868024797
2020-02-27,-4.514616196675581
2020-02-28,-0.6787492042331367
2020-03-02,4.613724337870351
2020-03-03,-2.8652710657699476
2020-03-04,4.299004117617267
2020-03-05,-3.407914294385278
2020-03-06,-1.6594682950883899
2020-03-09,-7.905358797771339
2020-03-10,5.270969091327959
2020-03-11,-4.868759595188038
2020-03-12,-9.595630705520207
2020-03-13,8.811161544777557
2020-03-16,-11.258316362278808
2020-03-17,5.8792581002297
2020-03-18,-5.315621439687779
2020-03-19,0.29076320798528954
2020-03-20,-4.406212348826233
2020-03-23,-2.6865361975374813
2020-03-24,9.255305948401993
2020-03-25,1.3871467637980417
2020-03-26,5.9299560200613
2020-03-27,-3.038628101906399
2020-03-30,3.220695989529454
2020-03-31,-1.4999520542845424
2020-04-01,-4.49482002029849
2020-04-02,2.326770964723679
2020-04-03,-1.429388890994615
2020-04-06,6.727521298529782
2020-04-07,0.07165955794030676
2020-04-08,3.3876542362505813
2020-04-09,1.5099628066438608
2020-04-13,-0.9366098211711693
2020-04-14,2.992169089063912
2020-04-15,-2.1612890888911993
2020-04-16,0.5068410060895978
2020-04-17,2.6951583020542347
2020-04-20,-1.7710657548738018
2020-04-21,-3.0405162428668864
2020-04-22,2.241713839205628
2020-04-23,-0.01785977442663178
2020-04-24,1.3969674827304157
2020-04-27,1.4764530158364653
2020-04-28,-0.49883889828757355
2020-04-29,2.615444164516334
2020-04-30,-0.9704093632622535
2020-05-01,-2.6339339755922397
2020-05-04,0.33189323316644703
2020-05-05,0.9028730058249779
2020-05-06,-0.66803561179965
2020-05-07,1.1958144759111278
2020-05-08,1.6640121403559416
2020-05-11,0.008566280659982883
2020-05-12,-2.0154864915947535
2020-05-13,-1.7417847927061914
2020-05-14,1.1965157420848138
2020-05-15,0.44668755281699335
2020-05-18,3.0691745469107246
2020-05-19,-1.0287041179348089
2020-05-20,1.7026565167000518
2020-05-21,-0.7109551753151866
2020-05-22,0.19635690626335078
2020-05-26,1.2502895841790318
2020-05-27,1.4735354997612693
2020-05-28,-0.19074083347963566
2020-05-29,0.42511136027146845
2020-06-01,0.4478431141043182
2020-06-02,0.8297648907644062
2020-06-03,1.3380414441246158
2020-06-04,-0.2988652860339447
2020-06-05,2.584531692406966
2020-06-08,1.2159719950095793
2020-06-09,-0.7411915881833764
2020-06-10,-0.5740541956151812
2020-06-11,-5.775186154588746
2020-06-12,1.2237927592881337
2020-06-15,0.925693857546761
2020-06-16,1.9236457687196173
2020-06-17,-0.43308831949675497
2020-06-18,0.05779376944867742
2020-06-19,-0.5906092264192198
2020-06-22,0.6791177731339748
2020-06-23,0.43376008528660526
2020-06-24,-2.538145188388341
2020-06-25,1.0600997768882459
2020-06-26,-2.380461872441847
2020-06-29,1.4853729102034863
2020-06-30,1.299711905857126
2020-07-01,0.6925182286005138
2020-07-02,0.5383095157008078
2020-07-06,1.5391405249343681
2020-07-07,-1.0310048107252334
2020-07-08,0.7554990612235413
2020-07-09,-0.5383371096105538
2020-07-10,1.0141429668862334
2020-07-13,-0.876656515716423
2020-07-14,1.2965294629463275
2020-07-15,0.9262996594284534
2020-07-16,-0.33795930744291436
2020-07-17,0.2924644421709033
2020-07-20,0.8173922985564075
2020-07-21,0.19695190206352464
2020-07-22,0.5788760415126437
2020-07-23,-1.201479485745971
2020-07-24,-0.6412429767617966
2020-07-27,0.7324777096867852
2020-07-28,-0.6252895282159832
2020-07-29,1.2164942196178474
2020-07-30,-0.34996680587912055
2020-07-31,0.7886246371310079
2020-08-03,0.6968829429262136
2020-08-04,0.3733897223445304
2020-08-05,0.6350198971750598
2020-08-06,0.6730944560140562
2020-08-07,0.07166968259983975
2020-08-10,0.2997427890730986
2020-08-11,-0.831175375261517
2020-08-12,1.3944351381390385
2020-08-13,-0.17599469427408976
2020-08-14,-0.0029310909205937374
2020-08-17,0.31996914321241743
2020-08-18,0.21412187110425585
2020-08-19,-0.4111328265035685
2020-08-20,0.3092700715694452
2020-08-21,0.3525283487641362
2020-08-24,1.0200866435275957
2020-08-25,0.34047179925839055
2020-08-26,1.0092772803563133
2020-08-27,0.21821374686579187
2020-08-28,0.6431886140504717
2020-08-31,-0.35586070874616405
2020-09-01,0.9399099645788334
2020-09-02,1.454714231224108
2020-09-03,-3.449381028430337
2020-09-04,-0.8176531272720222
2020-09-08,-2.725229065082868
2020-09-09,1.9660662011829255
2020-09-10,-1.7416347160571166
2020-09-11,0.049324054774169124
2020-09-14,1.3234649023783462
2020-09-15,0.5071508767390709
2020-09-16,-0.3975060867486224
2020-09-17,-0.868912177165837
2020-09-18,-1.1611748552495416
2020-09-21,-1.1129745849328576
2020-09-22,1.015850485870462
2020-09-23,-2.323198089184836
2020-09-24,0.2645582542148861
2020-09-25,1.6216825392893042
2020-09-28,1.6610559733963748
2020-09-29,-0.5481334704771856
2020-09-30,0.7614152605600721
2020-10-01,0.6453295305561157
2020-10-02,-0.9462740875605835
2020-10-05,1.7596495473883422
2020-10-06,-1.4206767723570157
2020-10-07,1.7392355757570699
2020-10-08,0.8935276673935011
2020-10-09,0.8857029482799539
2020-10-12,1.6204270543628385
2020-10-13,-0.6514538410083592
2020-10-14,-0.6272190340067152
2020-10-15,-0.12333937866834677
2020-10-16,-0.07467034569216824
2020-10-19,-1.510628210983428
2020-10-20,0.39694005079903283
2020-10-21,-0.19185949360489563
2020-10-22,0.5592143406552341
2020-10-23,0.3287912168974949
2020-10-26,-1.8419598197389142
2020-10-27,-0.3426644710844695
2020-10-28,-3.410341521304816
2020-10-29,1.0068473656605348
2020-10-30,-1.0542462379459994
2020-11-02,1.1312137525548827
2020-11-03,1.7760746997966703
2020-11-04,2.221890146961336
2020-11-05,1.9527143567241056
2020-11-06,-0.015688175347611244
2020-11-09,1.2528665105262071
2020-11-10,-0.13798250486491415
2020-11-11,0.7316251556398812
2020-11-12,-0.9613997030121835
2020-11-13,1.372015376604785
2020-11-16,1.2447286461692575
2020-11-17,-0.5231787910617847
2020-11-18,-1.204059548410924
2020-11-19,0.41326322841437335
2020-11-20,-0.6780082391861841
2020-11-23,0.599764371157796
2020-11-24,1.6056462421854767
2020-11-25,-0.14841175538802265
2020-11-27,0.2752413915276808
2020-11-30,-0.4487638536823324
2020-12-01,1.0973305400308386
2020-12-02,0.2113685591174641
2020-12-03,-0.023142446727297816
2020-12-04,0.8601809139903938
2020-12-07,-0.195687534986827
2020-12-08,0.28532647179077
2020-12-09,-0.8858388875082113
2020-12-10,-0.04350242359735801
2020-12-11,-0.1211095590743616
2020-12-14,-0.45063103018089246
2020-12-15,1.356634751978758
2020-12-16,0.15834259313284305
2020-12-17,0.5580547065691444
2020-12-18,-0.3972444409661158
2020-12-21,-0.3434274814486993
2020-12-22,-0.1803961778983565
2020-12-23,0.08832641400378094
2020-12-24,0.388362805908693
2020-12-28,0.8642913578228661
2020-12-29,-0.19175390937009595
2020-12-30,0.137049532264355
2020-12-31,0.5339941690370331
2021-01-04,-1.3693237752220533
2021-01-05,0.6752544156055307
2021-01-06,0.6007931887222262
2021-01-07,1.4830241359607754
2021-01-08,0.5700806253223223
2021-01-11,-0.6637186009474161
2021-01-12,0.018446704128083358
2021-01-13,0.2608905682796925
2021-01-14,-0.3482441196530739
2021-01-15,-0.7253174759813075
2021-01-19,0.7837427552130349
2021-01-20,1.3799991110446608
2021-01-21,0.0897106901996958
2021-01-22,-0.3468353501020871
2021-01-25,0.39626292506109717
2021-01-26,-0.15191803326463638
2021-01-27,-2.4419515983796716
2021-01-28,0.8530298586277296
2021-01-29,-1.9942452481988615
2021-02-01,1.6505354449822485
2021-02-02,1.4167582345374297
2021-02-03,0.07846608800140542
2021-02-04,1.134498667890771
2021-02-05,0.392869021623532
2021-02-08,0.7375817736835488
2021-02-09,-0.07537303973944587
2021-02-10,-0.04220974394231747
2021-02-11,0.16504106724829493
2021-02-12,0.49684303859354184
2021-02-16,-0.08263533798748002
2021-02-17,0.017841574891974687
2021-02-18,-0.4247817610526783
2021-02-19,-0.18262006971414557
2021-02-22,-0.7651630132317122
2021-02-23,0.11347394803611355
2021-02-24,1.0999058683597074
2021-02-25,-2.403908838287733
2021-02-26,-0.5194984413084414
2021-03-01,2.4247867768429576
2021-03-02,-0.7750549840919385
2021-03-03,-1.3297645458461183
2021-03-04,-1.2378073997393602
2021-03-05,1.8415530623571597
2021-03-08,-0.4930408191183955
2021-03-09,1.4184817467452815
2021-03-10,0.6174589038631995
2021-03-11,1.021069978195599
2021-03-12,0.14582305143975294
2021-03-15,0.6014983756854053
2021-03-16,-0.1334009749074161
2021-03-17,0.33401588854146125
2021-03-18,-1.4572552966695518
2021-03-19,-0.18540101991143532
2021-03-22,0.7944429010655618
2021-03-23,-0.7831094116033055
2021-03-24,-0.5103977764324641
2021-03-25,0.5668164319833524
2021-03-26,1.6149772867749213
2021-03-29,-0.05043674509872531
2021-03-30,-0.25598575303097393
2021-03-31,0.3982473770906214
2021-04-01,1.0753640619242555
2021-04-05,1.4351808913454778
2021-04-06,-0.060169948566374254
2021-04-07,0.12040964841991686
2021-04-08,0.4701336799026734
2021-04-09,0.725689606834623
2021-04-12,0.03880724619093057
2021-04-13,0.29462352669937797
2021-04-14,-0.3372796197845196
2021-04-15,1.0746737403247053
2021-04-16,0.34320298231270696
2021-04-19,-0.490348222235365
2021-04-20,-0.729526364960098
2021-04-21,0.9407028336697487
2021-04-22,-0.9007591163783357
2021-04-23,1.0663111480651133
2021-04-26,0.21672919329682738
2021-04-27,-0.026281295089553014
2021-04-28,-0.03345605495777004
2021-04-29,0.6348985433364152
2021-04-30,-0.6522777149804204
2021-05-03,0.21527469970981095
2021-05-04,-0.6121900233495403
2021-05-05,0.022822061187433018
2021-05-06,0.8054692271421415
2021-05-07,0.7264116928620057
2021-05-10,-0.9812869750596531
2021-05-11,-0.8918871415661944
2021-05-12,-2.131104311339077
2021-05-13,1.1940199248771877
2021-05-14,1.5399693979722073
2021-05-17,-0.24680019403688358
2021-05-18,-0.8610650716163459
2021-05-19,-0.2665011336587808
2021-05-20,1.066440543539926
2021-05-21,-0.06971506427528862
2021-05-24,1.0126114900005256
2021-05-25,-0.2190786608617934
2021-05-26,0.19093345196664613
2021-05-27,0.052400560547105623
2021-05-28,0.18447845126673412
2021-06-01,-0.08317369739278546
2021-06-02,0.1617019471800929
2021-06-03,-0.3763153254488727
2021-06-04,0.9128035944664936
2021-06-07,-0.0909379633892482
2021-06-08,0.013020762559323718
2021-06-09,-0.15479879379165506
2021-06-10,0.4747179117041478
2021-06-11,0.16515895500827105
2021-06-14,0.2320224682463845
2021-06-15,-0.18918289649590414
2021-06-16,-0.5556955573754685
2021-06-17,-0.031938413463433735
2021-06-18,-1.346806063266759
2021-06-21,1.4212161511742316
2021-06-22,0.5050955563317805
2021-06-23,-0.08968291153456098
2021-06-24,0.5855913800745904
2021-06-25,0.36149751033275335
2021-06-28,0.2070004756769217
2021-06-29,0.04903510268396971
2021-06-30,0.08631505020296748
2021-07-01,0.5594397045278532
2021-07-02,0.7626549267435445
2021-07-06,-0.21848040056061668
2021-07-07,0.3815158912804484
2021-07-08,-0.8084693875302251
2021-07-09,1.0651400304381942
2021-07-12,0.36426944523936244
2021-07-13,-0.3458249687054715
2021-07-14,0.14089933828590473
2021-07-15,-0.3419869427765676
2021-07-16,-0.7701375809397504
2021-07-19,-1.4850339782234823
2021-07-20,1.4416986333919524
2021-07-21,0.8101234610332742
2021-07-22,0.21353673289312702
2021-07-23,1.0070146791193557
2021-07-26,0.25630378179097857
2021-07-27,-0.45589433213173436
2021-07-28,-0.0477216731493979
2021-07-29,0.4297517404849627
2021-07-30,-0.49585767310089124
2021-08-02,-0.2059428992293555
2021-08-03,0.8060868710278335
2021-08-04,-0.4840807975653505
2021-08-05,0.6273526295315301
2021-08-06,0.16940544744713515
2021-08-09,-0.07555243736253048
2021-08-10,0.12074643334055724
2021-08-11,0.24230404226731617
2021-08-12,0.266520464027864
2021-08-13,0.2174816369992949
2021-08-16,0.24611666658986842
2021-08-17,-0.6673985860156051
2021-08-18,-1.0865371837795845
2021-08-19,0.15108744406282515
2021-08-20,0.796232302311406
2021-08-23,0.875472871006322
2021-08-24,0.16620400753286635
2021-08-25,0.2093625065864746
2021-08-26,-0.5901161944188771
2021-08-27,0.8865330469171595
2021-08-30,0.44213108683113234
2021-08-31,-0.1280225042411154
2021-09-01,0.04861169098457907
2021-09-02,0.30364193271199547
2021-09-03,-0.034092139404595656
2021-09-07,-0.3403030945974217
2021-09-08,-0.12704335828450652
2021-09-09,-0.43696350506404746
2021-09-10,-0.7756278232380065
2021-09-13,0.24414915580815988
2021-09-14,-0.5362225781772312
2021-09-15,0.8333698064710848
2021-09-16,-0.1726141816875637
2021-09-17,-0.9691593606738547
2021-09-20,-1.6769194072659255
2021-09-21,-0.07582534321515788
2021-09-22,0.9808939936518102
2021-09-23,1.206884183714163
2021-09-24,0.17823708318321918
2021-09-27,-0.3000934921712106
2021-09-28,-2.0057064562633844
2021-09-29,0.1702631241917274
2021-09-30,-1.2300664405061945
2021-10-01,1.1896019974238503
2021-10-04,-1.2939699702975038
2021-10-05,1.044311117247776
2021-10-06,0.4205477779193556
2021-10-07,0.846805333567413
2021-10-08,-0.16501706566242058
2021-10-11,-0.7350356350183218
2021-10-12,-0.24912212791386446
2021-10-13,0.35794340593717777
2021-10-14,1.6972815033835187
2021-10-15,0.7645583621919139
2021-10-18,0.29322296380055457
2021-10-19,0.7788585624761035
2021-10-20,0.3886497041887482
2021-10-21,0.2602990149461193
2021-10-22,-0.11218719717164816
2021-10-25,0.5297332509918262
2021-10-26,0.10186723743951243
2021-10-27,-0.4443232494828975
2021-10-28,0.9629795532338892
2021-10-29,0.19598986672375585
2021-11-01,0.18904889579115514
2021-11-02,0.39916126417716136
2021-11-03,0.6125340456689443
2021-11-04,0.4649356325091891
2021-11-05,0.3494795902943437
2021-11-08,0.09476635453156135
2021-11-09,-0.3394073127086006
2021-11-10,-0.7975502747921193
2021-11-11,0.0366002155290146
2021-11-12,0.745560527456901
2021-11-15,0.029901472533111484
2021-11-16,0.39714352896604854
2021-11-17,-0.2392566482638303
2021-11-18,0.3347013656680886
2021-11-19,-0.1710575157626293
2021-11-22,-0.29049047047371435
2021-11-23,0.13553407494693026
2021-11-24,0.26325597939609313
2021-11-26,-2.2461126643613882
2021-11-29,1.251601025993243
2021-11-30,-1.9235866868682838
2021-12-01,-1.138790501530168
2021-12-02,1.5363444508165736
2021-12-03,-0.8836172460777059
2021-12-06,1.194160100973185
2021-12-07,2.0730666104699758
2021-12-08,0.2642609881595037
2021-12-09,-0.6748385199983831
2021-12-10,0.9501151170811184
2021-12-13,-0.8855725272178594
2021-12-14,-0.6972811490476738
2021-12-15,1.5672103516028546
2021-12-16,-0.8994725904364065
2021-12-17,-1.0281346527448054
2021-12-20,-1.0932257810263746
2021-12-21,1.7786928672799296
2021-12-22,1.0041749519055898
2021-12-23,0.6176445421991472
2021-12-27,1.4238233935006672
2021-12-28,-0.07945325842333428
2021-12-29,0.1161530900086194
2021-12-30,-0.2789962183501804
2021-12-31,-0.2504386920725188
2022-01-03,0.5882552929681539
2022-01-04,-0.03343058504484131
2022-01-05,-1.9347090441583947
2022-01-06,-0.0841735711337277
2022-01-07,-0.39768915592082177
2022-01-10,-0.15620870704042278
2022-01-11,0.9487415571078794
2022-01-12,0.26764613856483654
2022-01-13,-1.374859423467789
2022-01-14,0.03759834783022553
2022-01-18,-1.7692525176187024
2022-01-19,-1.0360850632748886
2022-01-20,-1.1087605968254088
2022-01-21,-1.9554114933462041
2022-01-24,0.38734740826767977
2022-01-25,-1.1857280221362954
2022-01-26,-0.24115901107267246
2022-01-27,-0.5075599076868831
2022-01-28,2.464185369230054
2022-01-31,1.804215143446719
2022-02-01,0.6831558154539619
2022-02-02,0.9660374444503517
2022-02-03,-2.335806206228175
2022-02-04,0.485894994766356
2022-02-07,-0.33791970154463113
2022-02-08,0.8087304825301067
2022-02-09,1.469400384130315
2022-02-10,-1.781857259111641
2022-02-11,-1.9861927655778489
2022-02-14,-0.32622796663735465
2022-02-15,1.6103518742912937
2022-02-16,0.11297061677796316
2022-02-17,-2.1171135138409514
2022-02-18,-0.6687746514010329
2022-02-22,-1.078931133687816
2022-02-23,-1.7980366515301438
2022-02-24,1.5387991873790474
2022-02-25,2.2039992092985794
2022-02-28,-0.22914178784979589
2022-03-01,-1.5365081266735192
2022-03-02,1.8320220070802917
2022-03-03,-0.48880905056040147
2022-03-04,-0.8334665244449868
2022-03-07,-2.94302431336238
2022-03-08,-0.7518341766219461
2022-03-09,2.686040087324082
2022-03-10,-0.4552193240178082
2022-03-11,-1.2593702089101877
2022-03-14,-0.743369561224605
2022-03-15,2.2002280214229786
2022-03-16,2.2160811389942636
2022-03-17,1.2472396071896874
2022-03-18,1.0826742232094233
2022-03-21,-0.024667303386505246
2022-03-22,1.1949786842810228
2022-03-23,-1.2707657290637886
2022-03-24,1.477076244795139
2022-03-25,0.4961909531847164
2022-03-28,0.7064714766405689
2022-03-29,1.2563454045812494
2022-03-30,-0.6193046824571835
2022-03-31,-1.5399991644540867
2022-04-01,0.2629450845964776
2022-04-04,0.869191996168861
2022-04-05,-1.2756367936863855
2022-04-06,-0.9857500777156247
2022-04-07,0.49946481503684304
2022-04-08,-0.2668184499619475
2022-04-11,-1.7188963031450455
2022-04-12,-0.37655753880938003
2022-04-13,1.157853240415574
2022-04-14,-1.2403003721778827
2022-04-18,0.038756179615073716
2022-04-19,1.6142125919104688
2022-04-20,-0.08183066026445363
2022-04-21,-1.4721073042438304
2022-04-22,-2.7705313331942207
2022-04-25,0.5984646593917509
2022-04-26,-2.9036004836311857
2022-04-27,0.2913315313070375
2022-04-28,2.5191009089016503
2022-04-29,-3.7236012353055625
2022-05-02,0.6225732977987564
2022-05-03,0.46103911629439276
2022-05-04,3.0280921940829986
2022-05-05,-3.5519920360779667
2022-05-06,-0.5680375280245398
2022-05-09,-3.209001751264917
2022-05-10,0.2142969168792197
2022-05-11,-1.5828931362112164
2022-05-12,-0.12574107453345307
2022-05-13,2.414256526525682
2022-05-16,-0.4135769232492925
2022-05-17,2.0640807880418555
2022-05-18,-4.023967494540015
2022-05-19,-0.618770280908415
2022-05-20,0.04740579891273633
2022-05-23,1.8695680597217046
2022-05-24,-0.7404322904284222
2022-05-25,0.8839489018037661
2022-05-26,1.97714406973718
2022-05-27,2.4791131189980553
2022-05-31,-0.5657433456294325
2022-06-01,-0.8093792288767554
2022-06-02,1.8938295523072135
2022-06-03,-1.6410725096445644
2022-06-06,0.3025851191477247
2022-06-07,0.943802274374328
2022-06-08,-1.0849620109992908
2022-06-09,-2.3633140737178593
2022-06-10,-2.9249333509849484
2022-06-13,-3.82084985397812
2022-06-14,-0.2839630625893541
2022-06-15,1.4251491745095324
2022-06-16,-3.2979260410831213
2022-06-17,0.1990591529462904
2022-06-21,2.5302485158675725
2022-06-22,-0.1768470486835816
2022-06-23,0.9909788541119124
2022-06-24,3.1509949994472763
2022-06-27,-0.3721104773001138
2022-06-28,-2.0419182024332514
2022-06-29,-0.07602115938958875
2022-06-30,-0.8233754995039089
2022-07-01,1.0484175762450088
2022-07-05,0.20144896164598913
2022-07-06,0.3473016563566689
2022-07-07,1.489876315501304
2022-07-08,-0.08078080235046636
2022-07-11,-1.1406918887020667
2022-07-12,-0.8916617793537973
2022-07-13,-0.5186217924620484
2022-07-14,-0.2422220410028153
2022-07-15,1.9095136313517003
2022-07-18,-0.8171225307235241
2022-07-19,2.6947209560566288
2022-07-20,0.6280429371210094
2022-07-21,1.0195478309759975
2022-07-22,-0.9092576126784935
2022-07-25,0.11235448918025526
2022-07-26,-1.185023948863989
2022-07-27,2.591169906084534
2022-07-28,1.262205826459828
2022-07-29,1.4724274857851105
2022-08-01,-0.3085841499380626
2022-08-02,-0.6483068212009391
2022-08-03,1.562860232316754
2022-08-04,-0.08178339947834123
2022-08-05,-0.1721859226767264
2022-08-08,-0.10134446557520937
2022-08-09,-0.40807952519929525
2022-08-10,2.0973808393063065
2022-08-11,0.017762608021310022
2022-08-12,1.6693324944858534
2022-08-15,0.42618680744861415
2022-08-16,0.20230706521972008
2022-08-17,-0.7310096408305544
2022-08-18,0.2922400451189633
2022-08-19,-1.333456399544164
2022-08-22,-2.0897565800843507
2022-08-23,-0.23169292291707055
2022-08-24,0.31565882213694385
2022-08-25,1.4104908113374837
2022-08-26,-3.4010542467271754
2022-08-29,-0.6313869501966773
2022-08-30,-1.1219577709410344
2022-08-31,-0.7565298002250309
2022-09-01,0.32809821107414594
2022-09-02,-1.0616801095007455
2022-09-06,-0.38775071505535164
2022-09-07,1.803502013102154
2022-09-08,0.6419495366992822
2022-09-09,1.574600273216753
2022-09-12,1.0768157831904435
2022-09-13,-4.3560319009598505
2022-09-14,0.38186116968900174
2022-09-15,-1.1449981115056185
2022-09-16,-0.7601971239048155
2022-09-19,0.7770961048884417
2022-09-20,-1.1617406623368742
2022-09-21,-1.7250566994524374
2022-09-22,-0.8426512353921278
2022-09-23,-1.667788823763544
2022-09-26,-0.9877117355353904
2022-09-27,-0.2561093338701581
2022-09-28,1.9552442075436494
2022-09-29,-2.0726129508578217
2022-09-30,-1.5581052461786704
2022-10-03,2.64308336321446
2022-10-04,3.07999644376461
2022-10-05,-0.2337019017655928
2022-10-06,-1.0098173524065668
2022-10-07,-2.788837702196467
2022-10-10,-0.7536894991955256
2022-10-11,-0.6595497344614676
2022-10-12,-0.3264226568190476
2022-10-13,2.6506340972085707
2022-10-14,-2.2849788734650267
2022-10-17,2.5714282896088125
2022-10-18,1.1603293249682678
2022-10-19,-0.6831363256084966
2022-10-20,-0.8448131256685976
2022-10-21,2.422325030282513
2022-10-24,1.2264925781752423
2022-10-25,1.6014704425899695
2022-10-26,-0.7544140241219632
2022-10-27,-0.5328958840480791
2022-10-28,2.3622784767111993
2022-10-31,-0.711956474691211
2022-11-01,-0.4173584047646228
2022-11-02,-2.5363531745229873
2022-11-03,-1.0170438630152878
2022-11-04,1.4269093499811536
2022-11-07,0.9665766701147382
2022-11-08,0.5410391485024979
2022-11-09,-2.050694894139621
2022-11-10,5.486092093539319
2022-11-11,0.9658151384024594
2022-11-14,-0.8451639319569271
2022-11-15,0.8510922741621019
2022-11-16,-0.7487631032653652
2022-11-17,-0.3216612048967671
2022-11-18,0.46445483178684244
2022-11-21,-0.372871489647042
2022-11-22,1.3617996773195973
2022-11-23,0.6138049399778467
2022-11-25,-0.01490211418835874
2022-11-28,-1.5897481964235016
2022-11-29,-0.17138174715228272
2022-11-30,3.1253682221014323
2022-12-01,-0.05755488978453349
2022-12-02,-0.11146328008107553
2022-12-05,-1.7998467939227603
2022-12-06,-1.4358312635861625
2022-12-07,-0.18111720881834326
2022-12-08,0.7842557626114077
2022-12-09,-0.7428934115600361
2022-12-12,1.422093772799926
2022-12-13,0.7776691625315912
2022-12-14,-0.6194173206645615
2022-12-15,-2.461820708508433
2022-12-16,-1.2010300428243303
2022-12-19,-0.8396367783024883
2022-12-20,0.12604819669131961
2022-12-21,1.493348560057528
2022-12-22,-1.3939283437364947
2022-12-23,0.5476700730622119
2022-12-27,-0.3895896189208825
2022-12-28,-1.2282733393248924
2022-12-29,1.765377639496346
2022-12-30,-0.2356024189676731
2023-01-03,-0.42912928902627545
2023-01-04,0.7755284040592891
2023-01-05,-1.1387518501341454
2023-01-06,2.287944132781572
2023-01-09,-0.0629710789044724
2023-01-10,0.7100182984514758
2023-01-11,1.2555401607919014
2023-01-12,0.3771479410156431
2023-01-13,0.39080206194481715
2023-01-17,-0.18400462698503484
2023-01-18,-1.5776305156561254
2023-01-19,-0.7199317439460118
2023-01-20,1.8494409894751929
2023-01-23,1.1933443914571962
2023-01-24,-0.08721507814962726
2023-01-25,0.027446839495470776
2023-01-26,1.098972842270396
2023-01-27,0.23908042700268028
2023-01-30,-1.262700276365769
2023-01-31,1.4606894733663611
2023-02-01,1.0652945837193672
2023-02-02,1.4536007572546694
2023-02-03,-1.0461802854404179
2023-02-06,-0.6132814890945137
2023-02-07,1.2998713378650883
2023-02-08,-1.092141242942618
2023-02-09,-0.8576333132034042
2023-02-10,0.22546258749296388
2023-02-13,1.1748184274548712
2023-02-14,-0.04952853602169793
2023-02-15,0.32157782204598195
2023-02-16,-1.3617187366978034
2023-02-17,-0.26383478280188055
2023-02-21,-1.9941554967219
2023-02-22,-0.15369003368880252
2023-02-23,0.5294885741577882
2023-02-24,-1.0745406312342332
2023-02-27,0.34486988776400995
2023-02-28,-0.3762788168903519
2023-03-01,-0.37020264643551903
2023-03-02,0.7822474161631177
2023-03-03,1.60380112909001
2023-03-06,0.09128457893999853
2023-03-07,-1.5548067253507047
2023-03-08,0.1690773977590876
2023-03-09,-1.848065273884586
2023-03-10,-1.4243029624788073
2023-03-13,-0.17567803245213676
2023-03-14,1.6674359437633957
2023-03-15,-0.6201449129787984
2023-03-16,1.737522578239925
2023-03-17,-1.1777709254718494
2023-03-20,0.9767464484269128
2023-03-21,1.3063004652162147
2023-03-22,-1.6901652161353586
2023-03-23,0.2618696325310088
2023-03-24,0.6586102662801241
2023-03-27,0.18030078981777775
2023-03-28,-0.20516826850605074
2023-03-29,1.4502064062256736
2023-03-30,0.5705707301510099
2023-03-31,1.406529102838927
2023-04-03,0.36810992749390925
2023-04-04,-0.5331553468282568
2023-04-05,-0.2490721020850628
2023-04-06,0.38432163557063914
2023-04-10,0.10848725879131216
2023-04-11,0.012201333056388597
2023-04-12,-0.39092390851900305
2023-04-13,1.3154670009716818
2023-04-14,-0.2449514668502184
2023-04-17,0.3640801538472793
2023-04-18,0.06147595704051323
2023-04-19,-0.01204358024272656
2023-04-20,-0.5529094785434119
2023-04-21,0.06664719972655497
2023-04-24,0.11497749459884465
2023-04-25,-1.5875915793431117
2023-04-26,-0.4152976018510335
2023-04-27,1.987598411802527
2023-04-28,0.840777514727209
2023-05-01,-0.08640773085235032
2023-05-02,-1.1214306211836889
2023-05-03,-0.7030357805402232
2023-05-04,-0.7031704453340615
2023-05-05,1.8399609179342247
2023-05-08,0.03987390100166355
2023-05-09,-0.42310944355653524
2023-05-10,0.4443537932208086
2023-05-11,-0.16197681693920218
2023-05-12,-0.13074061181463925
2023-05-15,0.3381976422088706
2023-05-16,-0.6680345821909905
2023-05-17,1.213729583612566
2023-05-18,0.9660566991971486
2023-05-19,-0.14520665010182565
2023-05-22,0.03459369781715349
2023-05-23,-1.108030770080437
2023-05-24,-0.7372797093313288
2023-05-25,0.8738539186900485
2023-05-26,1.3042152368801796
2023-05-30,0.02852215339893549
2023-05-31,-0.5852884149165072
2023-06-01,0.9900364643332771
2023-06-02,1.4357329034406008
2023-06-05,-0.18189692420989556
2023-06-06,0.21492526536132095
2023-06-07,-0.3374836521165714
2023-06-08,0.5915038814491846
2023-06-09,0.18979434625172598
2023-06-12,0.90768110903231
2023-06-13,0.656494462285595
2023-06-14,0.11785016362978462
2023-06-15,1.2377427150138232
2023-06-16,-0.3485510502691802
2023-06-20,-0.49603730720299555
2023-06-21,-0.5200932666741487
2023-06-22,0.3611722271385731
2023-06-23,-0.7585856857494688
2023-06-26,-0.4155541721884093
2023-06-27,1.10164108867008
2023-06-28,0.041197098006240385
2023-06-29,0.3965687904588955
2023-06-30,1.203246731502472
2023-07-03,0.1293148021377033
2023-07-05,-0.1606135484272353
2023-07-06,-0.8011090877339255
2023-07-07,-0.25408131632159714
2023-07-10,0.2592656954788164
2023-07-11,0.6544242978475778
2023-07-12,0.7776271172818761
2023-07-13,0.8229226143107393
2023-07-14,-0.08091172522738388
2023-07-17,0.3595861705068315
2023-07-18,0.7344060740970937
2023-07-19,0.20316599305466587
2023-07-20,-0.6432231296920166
2023-07-21,-0.0010981058053527448
2023-07-24,0.44443815689807487
2023-07-25,0.2711886361325577
2023-07-26,0.012050075922742653
2023-07-27,-0.6547284707748791
2023-07-28,0.9621352613257805
2023-07-31,0.19971884533070972
2023-08-01,-0.282150006691656
2023-08-02,-1.3939527961909337
2023-08-03,-0.286937559015471
2023-08-04,-0.4588598764839358
2023-08-07,0.8784343558036922
2023-08-08,-0.42711993035803864
2023-08-09,-0.6722815487068712
2023-08-10,0.04026971822600478
2023-08-11,-0.05926011137722398
2023-08-14,0.5438182468327502
2023-08-15,-1.1485549725610444
2023-08-16,-0.7407809027812629
2023-08-17,-0.7656054641155596
2023-08-18,0.033194423541449414
2023-08-21,0.6626873861241611
2023-08-22,-0.27807784551575065
2023-08-23,1.1086640189836516
2023-08-24,-1.3644934943726428
2023-08-25,0.7099099859313562
2023-08-28,0.6188251188852245
2023-08-29,1.4450863310179862
2023-08-30,0.42519155164180145
2023-08-31,-0.16136412198356487
2023-09-01,0.19929286168275384
2023-09-05,-0.43101374681009386
2023-09-06,-0.6837087803226005
2023-09-07,-0.2917348219480975
2023-09-08,0.1367858499892849
2023-09-11,0.6670988756777407
2023-09-12,-0.5448526552415067
2023-09-13,0.10512816697649807
2023-09-14,0.8777826054322757
2023-09-15,-1.2471611494714152
2023-09-18,0.11544604057532881
2023-09-19,-0.21533799007507626
2023-09-20,-0.9330234671210358
2023-09-21,-1.6454517351143616
2023-09-22,-0.23187968791159586
2023-09-25,0.4174846138672028
2023-09-26,-1.4662744501617697
2023-09-27,0.032812658979231024
2023-09-28,0.5820156162872459
2023-09-29,-0.2305538101529725
2023-10-02,-0.037353048276050904
2023-10-03,-1.3355409949396546
2023-10-04,0.7182531839806661
2023-10-05,-0.04228757786969295
2023-10-06,1.1811667069562715
2023-10-09,0.6492957128165
2023-10-10,0.5216454272322646
2023-10-11,0.4167271650269089
2023-10-12,-0.6048180136146997
2023-10-13,-0.5118490354830918
2023-10-16,1.046378846796081
2023-10-17,0.012542200350706967
2023-10-18,-1.321431470062262
2023-10-19,-0.8926900445062003
2023-10-20,-1.2295095898440078
2023-10-23,-0.1740998825894846
2023-10-24,0.7534022015495911
2023-10-25,-1.4284260325726883
2023-10-26,-1.2018187425099747
2023-10-27,-0.45586284730376736
2023-10-30,1.1916668654548657
2023-10-31,0.6122357864040251
2023-11-01,1.0797566941079473
2023-11-02,1.9216295322587063
2023-11-03,0.9045063403785414
2023-11-06,0.23528075061682863
2023-11-07,0.2748245481136946
2023-11-08,0.07764347967327279
2023-11-09,-0.76679337583474
2023-11-10,1.5626215172198865
2023-11-13,-0.10526923474615812
2023-11-14,1.950449063039572
2023-11-15,0.20678462415192334
2023-11-16,0.1231360701545614
2023-11-17,0.1152531481055874
2023-11-20,0.7868502431036983
2023-11-21,-0.22400762317817957
2023-11-22,0.382999336745371
2023-11-24,0.06795515065036728
2023-11-27,-0.1829509942081864
2023-11-28,0.09221399082376402
2023-11-29,-0.05814872497381662
2023-11-30,0.3774893253280509
2023-12-01,0.5913716756064447
2023-12-04,-0.5096836812916838
2023-12-05,-0.02075376332342782
2023-12-06,-0.40856996602470774
2023-12-07,0.7656593718862403
2023-12-08,0.43109565633759894
2023-12-11,0.389141273732041
2023-12-12,0.47613561194856935
2023-12-13,1.3744649832394762
2023-12-14,0.3169654226831242
2023-12-15,-0.16666167931252418
2023-12-18,0.5589621951586188
2023-12-19,0.5928237679979187
2023-12-20,-1.4093601045335469
2023-12-21,0.981385316266159
2023-12-22,0.1962972373572902
2023-12-26,0.42654465541455133
2023-12-27,0.18561666572916025
2023-12-28,0.04186286253048399
2023-12-29,-0.2877536948790671
2024-01-02,-0.5666507688278255
2024-01-03,-0.8168550229049776
2024-01-04,-0.3149722108594266
2024-01-05,0.1281132702712906
2024-01-08,1.4019100337133383
2024-01-09,-0.12306011716171628
2024-01-10,0.5631447971228831
2024-01-11,-0.04917841179985505
2024-01-12,0.07747535542104167
2024-01-16,-0.3568581600356391
2024-01-17,-0.558674580752988
2024-01-18,0.8734029351178951
2024-01-19,1.248974546988757
2024-01-22,0.21404119130123966
2024-01-23,0.3012547547740607
2024-01-24,0.09262909387818263
2024-01-25,0.5508570328837892
2024-01-26,-0.11552617534901222
2024-01-29,0.7889683343931697
2024-01-30,-0.07614656908685458
2024-01-31,-1.6368631167041514
2024-02-01,1.318047887742968
2024-02-02,1.041983134015756
2024-02-05,-0.3491557063948658
2024-02-06,0.2805114941306308
2024-02-07,0.8229472004463889
2024-02-08,0.055053176054176145
2024-02-09,0.5785417119713698
2024-02-12,-0.048750414608317305
2024-02-13,-1.3601119212886759
2024-02-14,0.9003959768827507
2024-02-15,0.6742944345337398
2024-02-16,-0.48692606755289525
2024-02-20,-0.5531852545133442
2024-02-21,0.09036609539819773
2024-02-22,2.079582285243431
2024-02-23,0.06291376657669989
2024-02-26,-0.37123626106618235
2024-02-27,0.18140207302710376
2024-02-28,-0.12891503946415583
2024-02-29,0.35373426767153493
2024-03-01,0.9532957210080517
2024-03-04,-0.11279194786467106
2024-03-05,-1.004788891480557
2024-03-06,0.5241750229771025
2024-03-07,0.9930625037887886
2024-03-08,-0.603535150803719
2024-03-11,-0.06729702880080013
2024-03-12,1.0592241205292563
2024-03-13,-0.1582663871925627
2024-03-14,-0.20779114314057323
2024-03-15,-0.7501426276732115
2024-03-18,0.6498222060061565
2024-03-19,0.5671158216780214
2024-03-20,0.9270384994433223
2024-03-21,0.3196290119454659
2024-03-22,-0.16151557234049263
2024-03-25,-0.29465180895250076
2024-03-26,-0.19765695865743838
2024-03-27,0.8557364592746808
2024-03-28,-0.008605057444349695
2024-04-01,-0.16782155845078695
2024-04-02,-0.6446499459535071
2024-04-03,0.11054505869249054
2024-04-04,-1.225219369684677
2024-04-05,1.0440627279893255
2024-04-08,0.04139209642509689
2024-04-09,0.12020668493414322
2024-04-10,-0.9855327698355176
2024-04-11,0.7518251805122556
2024-04-12,-1.3893644858224141
2024-04-15,-1.2459091343903717
2024-04-16,-0.1868626025976594
2024-04-17,-0.5864352921407856
2024-04-18,-0.21819087978809382
2024-04-19,-0.8697909626516953
2024-04-22,0.9217369423712429
2024-04-23,1.1957816132504573
2024-04-24,-0.043412538682841006
2024-04-25,-0.40157168158245216
2024-04-26,0.9629985124774643
2024-04-29,0.3552411520068244
2024-04-30,-1.5870453284322628
2024-05-01,-0.31896578476707793
2024-05-02,0.9250479652723631
2024-05-03,1.2483988059421525
2024-05-06,1.0369277585779435
2024-05-07,0.11969111565044432
2024-05-08,1.824331407052071e-05
2024-05-09,0.5622437900773325
2024-05-10,0.13424091153521056
2024-05-13,0.023903268752234474
2024-05-14,0.4576491595871812
2024-05-15,1.2389718275806705
2024-05-16,-0.2202559622326572
2024-05-17,0.1565886896150892
2024-05-20,0.11586000619677739
2024-05-21,0.24462860604547165
2024-05-22,-0.28625913935897973
2024-05-23,-0.7304499091448369
2024-05-24,0.6628080358928146
2024-05-28,0.07346374139373113
2024-05-29,-0.7078362542544958
2024-05-30,-0.6560444180600644
2024-05-31,0.897049940190775
2024-06-03,0.07189783573743336
2024-06-04,0.1294409522158424
2024-06-05,1.1930537874791258
2024-06-06,-0.002801224222270804
2024-06-07,-0.12404938202102422
2024-06-10,0.30353673277392357
2024-06-11,0.24441109197905764
2024-06-12,0.8269743552823727
2024-06-13,0.20573065563623816
2024-06-14,0.04790144898380033
2024-06-17,0.8070525146490315
2024-06-18,0.24832777293016806
2024-06-20,-0.2904832404119373
2024-06-21,-0.1518957240925045
2024-06-24,-0.2905070103809082
2024-06-25,0.3822426123577194
2024-06-26,0.13909486186930442
2024-06-27,0.1517465364370585
2024-06-28,-0.38699291594695984
2024-07-01,0.21071980268881907
2024-07-02,0.6555833555965118
2024-07-03,0.44238135334433437
2024-07-05,0.5976983598968033
2024-07-08,0.11596499456231202
2024-07-09,0.09517887145650272
2024-07-10,0.9706824039523609
2024-07-11,-0.8555805537077965
2024-07-12,0.6353118847402972
2024-07-15,0.2769353408871189
2024-07-16,0.5931640264270732
2024-07-17,-1.399162913946772
2024-07-18,-0.7797625881995007
2024-07-19,-0.6577988369657284
2024-07-22,1.0345460029774767
2024-07-23,-0.16181341955412987
2024-07-24,-2.261934278851024
2024-07-25,-0.524205124903776
2024-07-26,1.1187866380288791
2024-07-29,0.06409469579456983
2024-07-30,-0.5226029821920108
2024-07-31,1.5928168556086697
2024-08-01,-1.3649895303144866
2024-08-02,-1.8722315876370355
2024-08-05,-2.9111046053848066
2024-08-06,0.9358154814068986
2024-08-07,-0.679838047741127
2024-08-08,2.3140856670310628
2024-08-09,0.43414302584536824
2024-08-12,0.05052256880018202
2024-08-13,1.6542090979863033
2024-08-14,0.32102648312432036
2024-08-15,1.7128933453309902
2024-08-16,0.22537140924970833
2024-08-19,0.9427009077840331
2024-08-20,-0.15595080495041103
2024-08-21,0.3667497683569554
2024-08-22,-0.81533576556449
2024-08-23,1.0713304120155476
2024-08-26,-0.26071773501123996
2024-08-27,0.1600215582552189
2024-08-28,-0.5824715350835286
2024-08-29,0.012484860901207373
2024-08-30,0.949296631972385
2024-09-03,-2.0426265720536243
2024-09-04,-0.2067944276715139
2024-09-05,-0.2605804666123923
2024-09-06,-1.6730778358014786
2024-09-09,1.1211111537584806
2024-09-10,0.40251222691866095
2024-09-11,1.0523870890321807
2024-09-12,0.8445141787962185
2024-09-13,0.5172959336123273
2024-09-16,0.1570243467132304
2024-09-17,0.038979925314808206
2024-09-18,-0.29753219439974665
2024-09-19,1.7106075672832954
2024-09-20,-0.19093165917685173
2024-09-23,0.26368932123010946
2024-09-24,0.2883934682253675
2024-09-25,-0.22830859120313574
2024-09-26,0.41214388806352087
2024-09-27,-0.1629288404472684
2024-09-30,0.43988062980409026
2024-10-01,-0.9203392769239316
2024-10-02,0.041221540842684146
2024-10-03,-0.18675087193892326
2024-10-04,0.9083532782086623
2024-10-07,-0.9001842931474435
2024-10-08,0.9469954033026307
2024-10-09,0.6857629477651006
2024-10-10,-0.17544645068615639
2024-10-11,0.6034677590619597
2024-10-14,0.821041719058635
2024-10-15,-0.7853177576857107
2024-10-16,0.43965150095899297
2024-10-17,0.018811054394618498
2024-10-18,0.3811351512385208
2024-10-21,-0.15615615418262396
2024-10-22,-0.06576855720739627
2024-10-23,-0.9123978763085294
2024-10-24,0.21488759861786333
2024-10-25,-0.028427040041989482
2024-10-28,0.304933220431991
2024-10-29,0.1580211034385215
2024-10-30,-0.31207554157094974
2024-10-31,-1.9609854897692125
2024-11-01,0.4281023494836611
2024-11-04,-0.2079215005957813
2024-11-05,1.208885163205109
2024-11-06,2.484884691622702
2024-11-07,0.77642048511668
2024-11-08,0.4354569177533185
2024-11-11,0.08591198834452252
2024-11-12,-0.30824952052428967
2024-11-13,0.06180547114631452
2024-11-14,-0.6522365427965804
2024-11-15,-1.2752514548419025
2024-11-18,0.41296765060409024
2024-11-19,0.35702564695473393
2024-11-20,0.039701943494474534
2024-11-21,0.5245446442336488
2024-11-22,0.3201026950704122
2024-11-25,0.3174876824260986
2024-11-26,0.5559711134592193
2024-11-27,-0.3121658908253111
2024-11-29,0.5806194180308699
2024-12-02,0.2251394159958342
2024-12-03,0.04379879836274858
2024-12-04,0.6185655098508103
2024-12-05,-0.16170058620749161
2024-12-06,0.18498631914717345
2024-12-09,-0.5153213388667421
2024-12-10,-0.3002700949842563
2024-12-11,0.7718919034445659
2024-12-12,-0.5229467533042487
2024-12-13,-0.018984211777645088
2024-12-16,0.4267638561323617
2024-12-17,-0.42371512446192083
2024-12-18,-2.960298833921965
2024-12-19,-0.05196329404991151
2024-12-20,1.15437335413352
2024-12-23,0.6626173352335507
2024-12-24,1.117959204828578
2024-12-26,-0.020659885365281738
2024-12-27,-1.0676524368010087
2024-12-30,-1.1186765382071695
2024-12-31,-0.37649138944859106
2025-01-02,-0.22731553863126197
2025-01-03,1.2345752309384506
2025-01-06,0.5983210668080052
2025-01-07,-1.127629720708384
2025-01-08,0.12545085658514088
2025-01-10,-1.5114414908865725
2025-01-13,0.1503802711681046
2025-01-14,0.13812435012816593
2025-01-15,1.8189206405891611
2025-01-16,-0.18093969160576928
2025-01-17,0.9762442570752095
2025-01-21,0.9108138160490276
2025-01-22,0.5782439102135051
2025-01-23,0.551921030441116
2025-01-24,-0.2936723193029289
2025-01-27,-1.4046152047648808
2025-01-28,0.8546073396286324
2025-01-29,-0.4364979182880535
2025-01-30,0.5188061008945533
2025-01-31,-0.5358603006204665
2025-02-03,-0.6655876394797533
2025-02-04,0.6692013828252241
2025-02-05,0.407788142397314
2025-02-06,0.3574251457268973
2025-02-07,-0.9171445056420424
2025-02-10,0.666651621840797
2025-02-11,0.07752100346026802
2025-02-12,-0.32712954400014316
2025-02-13,1.060692088714832
2025-02-14,-0.00164043902287081
2025-02-18,0.2936830021360137
2025-02-19,0.229222908196558
2025-02-20,-0.4020514090072813
2025-02-21,-1.718342447174409
2025-02-24,-0.46555312882676225
2025-02-25,-0.49198665208348147
2025-02-26,0.04198995103129599
2025-02-27,-1.5933702181982756
2025-02-28,1.5679848078886782
2025-03-03,-1.7344009857993725
2025-03-04,-1.1951188314844485
2025-03-05,1.0850735215718332
2025-03-06,-1.7850755938072782
2025-03-07,0.5382618606381451
2025-03-10,-2.6342578396053806
2025-03-11,-0.8416013621612262
2025-03-12,0.5195134855228045
2025-03-13,-1.3272756273151887
2025-03-14,2.0705804674133077
2025-03-17,0.7436181109389373
2025-03-18,-1.0612498409131366
2025-03-19,1.0855380239310208
2025-03-20,-0.25638225154396843
2025-03-21,0.0023796401043718607
2025-03-24,1.7902637212359185
2025-03-25,0.22770168802602742
2025-03-26,-1.1626997832937969
2025-03-27,-0.2902867591390135
2025-03-28,-2.0163613510194134
2025-03-31,0.6742801309900237
2025-04-01,0.30851131209171934
2025-04-02,0.6197288465670248
2025-04-03,-4.855613826520927
2025-04-04,-5.932316557013767
2025-04-07,-0.21021301283749017
2025-04-08,-1.5315905446605216
2025-04-09,10.007381828951022
2025-04-10,-3.947471822366777
2025-04-11,1.8332085710729085
2025-04-14,0.9078107462315299
2025-04-15,-0.2628479954846996
2025-04-16,-2.2267487916197206
2025-04-17,0.12151197545864356
2025-04-21,-2.352482775919401
2025-04-22,2.559649793871188
2025-04-23,1.574762823635445
2025-04-24,2.109432409806855
2025-04-25,0.722690743990928
2025-04-28,0.04075665585321353
2025-04-29,0.6329891726667425
2025-04-30,0.11051477745817051
2025-05-01,0.6366221080445933
2025-05-02,1.4755814278845425
2025-05-05,-0.5651138477527518
2025-05-06,-0.8268064506026185
2025-05-07,0.40884009595421045
2025-05-08,0.664120652779443
2025-05-09,-0.10248580657712947
2025-05-12,3.31230398901623
2025-05-13,0.6912960115984634
2025-05-14,0.09272033742239172
2025-05-15,0.48986050022324923
2025-05-16,0.6420651446630843
2025-05-19,0.117502170385686
2025-05-20,-0.353791106586987
2025-05-21,-1.6736780803214613
2025-05-22,0.02741965701739124
2025-05-23,-0.662240153270216
2025-05-27,2.065302974012806
2025-05-28,-0.5839129438463986
2025-05-29,0.3955297498753674
2025-05-30,-0.10906504311827825
